{"episode_rewards": [532.3503311258146, 770.8677419354677, 579.477464788721, 849.2243243243041, 851.2108614232069, 316.10111731842414], "mean": 649.8719734859898, "std": 193.68720112070298}