{"episode_rewards": [919.599999999984, 807.9459770114815, 768.3038327526003, 769.3158075601194, 799.2506493506305, 857.497173144859, 620.6547169811201], "mean": 791.7954509715421, "std": 85.61832234513746}