{"episode_rewards": [175.201346801338, 770.7609271523057, 424.8374045801386, 228.75675675675217, 535.103780068718, 619.4945945945775, 617.0052631578817], "mean": 481.5942961588159, "std": 201.7275507528697}