{"episode_rewards": [189.75507246377248, -54.348366013072706, -47.468421052632316, 195.43264604811412, 129.90000000000455, 49.737133550490064, 68.77417218543214], "mean": 75.96889102601547, "std": 94.93356695242471}