{"episode_rewards": [367.2539518900184, 297.4155279502942, 41.16894197952669, 723.0046931407808, 623.7095238095078, 408.9909090909097, 64.16147859922259], "mean": 360.81500378003705, "std": 238.10372589882184}